{"loss": [10.609889030456543, 7.742572784423828, 7.241837978363037, 6.7329535484313965, 6.272159576416016, 5.894341945648193], "avg_acc": [0.6146210432052612, 0.7128416299819946, 0.7138163447380066, 0.7196051478385925, 0.7287992238998413, 0.7386118173599243], "val_loss": [7.713446617126465, 7.266820907592773, 6.720005512237549, 6.13859224319458, 5.6435723304748535, 5.254422664642334], "val_avg_acc": [0.7065671682357788, 0.7066535353660583, 0.7127861976623535, 0.7259172201156616, 0.7405533790588379, 0.7527143955230713]}