{"loss": [18.236019134521484, 17.997379302978516, 14.414822578430176, 9.814878463745117, 9.26132583618164, 8.998786926269531, 8.843524932861328, 8.727680206298828], "avg_acc": [0.09694387763738632, 0.2808186113834381, 0.5314795970916748, 0.6900842189788818, 0.7035565376281738, 0.7071338295936584, 0.7088318467140198, 0.7093584537506104]}